Task,Testing Accuracy,Training Accuracy,Validation Accuracy
1,1.0,1.0,1.0
2,0.858,0.967777777778,0.91
3,0.723,0.918888888889,0.8
4,0.802,0.88,0.79
5,0.855,0.983333333333,0.78
6,0.874,0.942222222222,0.87
7,0.845,0.941111111111,0.87
8,0.89,0.976666666667,0.92
9,0.848,0.912222222222,0.88
10,0.868,0.961111111111,0.9
11,0.876,0.926666666667,0.85
12,0.986,0.996666666667,0.98
13,0.925,0.938888888889,0.92
14,0.947,1.0,0.95
15,0.496,0.607777777778,0.57
16,0.446,0.612222222222,0.43
17,0.533,0.728888888889,0.65
18,0.899,0.948888888889,0.86
19,0.106,0.262222222222,0.08
20,0.997,1.0,1.0
