Task,Testing Accuracy,Training Accuracy,Validation Accuracy
1,0.992,1.0,0.99
2,0.738,0.998888888889,0.73
3,0.534,0.972222222222,0.6
4,0.773,0.923333333333,0.74
5,0.862,0.997777777778,0.89
6,0.964,0.998888888889,0.97
7,0.839,0.996666666667,0.88
8,0.883,1.0,0.94
9,0.977,1.0,0.96
10,0.937,1.0,0.96
11,0.979,1.0,0.99
12,0.992,1.0,0.99
13,0.993,1.0,1.0
14,0.921,1.0,0.96
15,0.994,1.0,0.99
16,0.453,0.703333333333,0.53
17,0.57,0.786666666667,0.67
18,0.903,0.982222222222,0.88
19,0.128,0.361111111111,0.14
20,0.999,1.0,1.0
